{"frechet_distance": 60.40704508419233, "frechet_audio_distance": 7.380596948776841, "kullback_leibler_divergence_sigmoid": 6.298590660095215, "kullback_leibler_divergence_softmax": 2.368021249771118, "lsd": NaN, "psnr": NaN, "ssim": NaN, "inception_score_mean": 3.3791790997130056, "inception_score_std": 0.4226065169167297, "kernel_inception_distance_mean": NaN, "kernel_inception_distance_std": NaN}