{"frechet_distance": 61.76930893970069, "frechet_audio_distance": 6.300804319535011, "kullback_leibler_divergence_sigmoid": 5.828628063201904, "kullback_leibler_divergence_softmax": 2.1071817874908447, "lsd": NaN, "psnr": NaN, "ssim": NaN, "inception_score_mean": 3.2304849957801616, "inception_score_std": 0.300679582206275, "kernel_inception_distance_mean": NaN, "kernel_inception_distance_std": NaN}