{"frechet_distance": 59.02606792643246, "frechet_audio_distance": 6.284812145574492, "kullback_leibler_divergence_sigmoid": 5.873875141143799, "kullback_leibler_divergence_softmax": 2.1455466747283936, "lsd": NaN, "psnr": NaN, "ssim": NaN, "inception_score_mean": 3.3084551096009798, "inception_score_std": 0.4599599092709548, "kernel_inception_distance_mean": NaN, "kernel_inception_distance_std": NaN}